name,description,overall_rating,aesthetics,quality,ease of use,cost,value,review
TrailPak,"A compact and versatile outdoor backpack designed for hikers, campers, and adventurers. Features include multiple compartments for organization, weather-resistant materials, and adjustable straps for a comfortable fit.",1,2,2,2,2,2,"TrailPak es una mochila compacta y versátil diseñada para excursionistas, campistas y aventureros. Cuenta con múltiples compartimentos para organización, materiales resistentes a la intemperie y correas ajustables para un ajuste cómodo. Sin embargo, su estética, calidad y facilidad de uso son solo promedio en comparación con otras opciones en el mercado. Además, su precio es un poco alto en relación con lo que ofrece. En general, no estoy muy impresionado con TrailPak y no estoy seguro de que valga la pena el costo."
TrailPak,"A compact and versatile outdoor backpack designed for hikers, campers, and adventurers. Features include multiple compartments for organization, weather-resistant materials, and adjustable straps for a comfortable fit.",1,1,1,2,1,2,"As an avid hiker and camper, I recently purchased the TrailPak backpack and was unfortunately disappointed with my experience. While the description boasted its versatility and weather-resistant materials, I found the overall aesthetics to be lacking. The design was unappealing and lacked any visually appealing features. In terms of quality, I was also unimpressed. The materials felt cheap and I had concerns about its durability for outdoor use. Ease of use was another area where the TrailPak fell short. The multiple compartments were difficult to access and I struggled with adjusting the straps for a comfortable fit. Lastly, the cost of the TrailPak did not align with its overall value. I was expecting a higher quality product for the price I paid. Overall, I would not recommend the TrailPak as there are better options available in the market for outdoor enthusiasts."
TrailPak,"A compact and versatile outdoor backpack designed for hikers, campers, and adventurers. Features include multiple compartments for organization, weather-resistant materials, and adjustable straps for a comfortable fit.",1,1,2,1,2,1,"TrailPak es una mochila compacta y versátil diseñada para excursionistas, campistas y aventureros. Cuenta con múltiples compartimentos para una mejor organización, materiales resistentes a la intemperie y correas ajustables para un ajuste cómodo. Sin embargo, su estética es poco atractiva y su calidad y facilidad de uso son bajas. Además, considero que su precio no justifica su valor en general."
TrailPak,"A compact and versatile outdoor backpack designed for hikers, campers, and adventurers. Features include multiple compartments for organization, weather-resistant materials, and adjustable straps for a comfortable fit.",1,1,1,1,1,1,"TrailPak est décrit comme un sac à dos d'extérieur compact et polyvalent conçu pour les randonneurs, campeurs et aventuriers. Il possède plusieurs compartiments pour l'organisation, des matériaux résistants aux intempéries et des sangles ajustables pour un ajustement confortable. Cependant, je suis déçu par son apparence, sa qualité et sa facilité d'utilisation. De plus, le coût ne correspond pas à la valeur du produit. Je ne recommanderais pas ce produit."
TrailPak,"A compact and versatile outdoor backpack designed for hikers, campers, and adventurers. Features include multiple compartments for organization, weather-resistant materials, and adjustable straps for a comfortable fit.",1,1,2,1,2,2,"TrailPak est un sac à dos compact et polyvalent conçu pour les randonneurs, les campeurs et les aventuriers. Il dispose de plusieurs compartiments pour l'organisation, de matériaux résistants aux intempéries et de bretelles réglables pour un ajustement confortable. Cependant, je trouve que son esthétique et sa facilité d'utilisation laissent à désirer et son coût est un peu élevé pour sa qualité."
TrailPak,"A compact and versatile outdoor backpack designed for hikers, campers, and adventurers. Features include multiple compartments for organization, weather-resistant materials, and adjustable straps for a comfortable fit.",1,1,1,1,2,2,"Je suis un critique de produits avisé. Aujourd'hui, je vais vous parler du TrailPak. Ce sac à dos compact et polyvalent est conçu pour les randonneurs, les campeurs et les aventuriers. Il dispose de plusieurs compartiments pour une organisation optimale, de matériaux résistants aux intempéries et de sangles ajustables pour un confort maximal.

Malheureusement, je dois dire que l'esthétique de ce sac à dos est vraiment décevante. La couleur et le design ne sont pas du tout attrayants et ne donnent pas envie de l'utiliser pour une excursion en plein air.

En ce qui concerne la qualité, je suis également déçu. Les matériaux utilisés semblent fragiles et je doute qu'ils résistent à une utilisation régulière en extérieur. De plus, certaines coutures semblent mal faites, ce qui me laisse perplexe quant à la durabilité de ce sac à dos.

Quant à la facilité d'utilisation, je dois avouer que je me suis retrouvé un peu perdu avec tous les compartiments et les sangles. Il m'a fallu un"
TrailPak,"A compact and versatile outdoor backpack designed for hikers, campers, and adventurers. Features include multiple compartments for organization, weather-resistant materials, and adjustable straps for a comfortable fit.",1,2,1,1,2,1,"TrailPak est un sac à dos compact et polyvalent conçu pour les randonneurs, les campeurs et les aventuriers. Ses caractéristiques comprennent plusieurs compartiments pour une organisation optimale, des matériaux résistants aux intempéries et des sangles ajustables pour un ajustement confortable. Cependant, je suis déçu par l'esthétique et la qualité de ce produit. De plus, son utilisation et son prix ne justifient pas sa valeur. Je ne le recommanderais pas pour les activités en plein air."
TrailPak,"A compact and versatile outdoor backpack designed for hikers, campers, and adventurers. Features include multiple compartments for organization, weather-resistant materials, and adjustable straps for a comfortable fit.",1,2,2,2,2,1,"After testing out TrailPak, I was disappointed with its overall performance. While the design and quality were decent, I found it difficult to use and the price was not worth the features. I would not recommend this product to serious hikers or campers."
TrailPak,"A compact and versatile outdoor backpack designed for hikers, campers, and adventurers. Features include multiple compartments for organization, weather-resistant materials, and adjustable straps for a comfortable fit.",1,1,1,1,1,2,"TrailPak es una mochila compacta y versátil diseñada para excursionistas, campistas y aventureros. Cuenta con múltiples compartimentos para mantener todo organizado, materiales resistentes al clima y correas ajustables para un ajuste cómodo. Sin embargo, la estética, calidad, facilidad de uso y costo no cumplen con mis expectativas. Aunque su valor es un poco mejor, en general no estoy satisfecho con este producto."
TrailPak,"A compact and versatile outdoor backpack designed for hikers, campers, and adventurers. Features include multiple compartments for organization, weather-resistant materials, and adjustable straps for a comfortable fit.",1,2,2,2,1,1,"As an avid hiker, I was excited to try out the TrailPak. However, I was disappointed with its overall quality and functionality. The multiple compartments were helpful for organization, but the weather-resistant materials were not as durable as I had hoped. Additionally, the cost did not match the value of the product."
TrailPak,"A compact and versatile outdoor backpack designed for hikers, campers, and adventurers. Features include multiple compartments for organization, weather-resistant materials, and adjustable straps for a comfortable fit.",1,2,2,1,2,1,"Je suis un critique de produits avisé. Je suis en train de passer en revue TrailPak. Sa description indique: Un sac à dos de plein air compact et polyvalent conçu pour les randonneurs, les campeurs et les aventuriers. Les caractéristiques incluent plusieurs compartiments pour une organisation facile, des matériaux résistants aux intempéries et des sangles réglables pour un ajustement confortable. Ma note pour ce produit est comprise entre 1 (le moins élevé) et 5 (le plus élevé).

Tout d'abord, je dois dire que je suis déçu de TrailPak. En ce qui concerne l'esthétique, le sac à dos n'est pas très attrayant. La qualité du matériau est également moyenne, ce qui est une déception pour un produit conçu pour les activités de plein air. De plus, je trouve que le sac à dos n'est pas facile à utiliser. Les compartiments sont mal conçus et il est difficile de s'y retrouver. En ce qui concerne le coût, je trouve que TrailPak est trop cher pour ce qu'il offre"
TrailPak,"A compact and versatile outdoor backpack designed for hikers, campers, and adventurers. Features include multiple compartments for organization, weather-resistant materials, and adjustable straps for a comfortable fit.",1,2,1,2,1,1,"Je suis très déçu par TrailPak. J'ai acheté ce sac à dos pour mes randonnées en plein air, en espérant qu'il soit compact et de bonne qualité. Malheureusement, les matériaux utilisés sont de mauvaise qualité et le design n'est pas du tout esthétique. De plus, il n'est pas facile à utiliser et le prix est trop élevé pour la valeur qu'il offre. Je ne le recommande pas du tout."
TrailPak,"A compact and versatile outdoor backpack designed for hikers, campers, and adventurers. Features include multiple compartments for organization, weather-resistant materials, and adjustable straps for a comfortable fit.",1,1,1,2,2,2,"I recently had the opportunity to try out the TrailPak backpack and I have to say, I was quite disappointed with the overall product. While the description boasts of its versatility and durability, I found the aesthetics to be lacking and the quality to be subpar. The compartments were helpful for organization, but the material used did not hold up well against weather conditions. Additionally, the adjustable straps were uncomfortable to wear for an extended period of time. Considering the high cost of the backpack, I expected more in terms of value. Overall, I would not recommend the TrailPak as there are better options available on the market."
TrailPak,"A compact and versatile outdoor backpack designed for hikers, campers, and adventurers. Features include multiple compartments for organization, weather-resistant materials, and adjustable straps for a comfortable fit.",1,1,2,1,1,1,"Estoy decepcionado con TrailPak. Aunque se anuncia como una mochila compacta y versátil para actividades al aire libre, no cumplió mis expectativas. Su apariencia es poco atractiva y los materiales de baja calidad. Además, su uso no es nada fácil y el precio es demasiado alto para lo que ofrece. Definitivamente no creo que valga la pena invertir en este producto."
TrailPak,"A compact and versatile outdoor backpack designed for hikers, campers, and adventurers. Features include multiple compartments for organization, weather-resistant materials, and adjustable straps for a comfortable fit.",1,1,1,1,2,2,"TrailPak es una mochila compacta y versátil diseñada para excursionistas, campistas y aventureros. Tiene múltiples compartimentos para una buena organización y está hecha con materiales resistentes al clima. Las correas ajustables permiten un ajuste cómodo para llevarla durante largos trayectos. Sin embargo, la estética del TrailPak es bastante decepcionante y no se ve muy atractiva. Además, la calidad y la facilidad de uso tampoco son impresionantes. El precio puede ser un poco alto en comparación con otras mochilas similares. En general, el valor del TrailPak no es tan bueno como se espera, considerando sus aspectos negativos."
TrailPak,"A compact and versatile outdoor backpack designed for hikers, campers, and adventurers. Features include multiple compartments for organization, weather-resistant materials, and adjustable straps for a comfortable fit.",1,2,2,1,2,2,"Je suis un critique de produits avisé. Je suis en train de passer en revue TrailPak. Sa description indique : Un sac à dos de plein air compact et polyvalent conçu pour les randonneurs, les campeurs et les aventuriers. Ses caractéristiques comprennent plusieurs compartiments pour l'organisation, des matériaux résistants aux intempéries et des sangles réglables pour un ajustement confortable. Ma note pour les produits se situe entre 1 (plus bas) et 5 (plus haut). Esthétique : J'ai trouvé que le design du sac à dos était assez basique et manquait d'originalité. Qualité : Malheureusement, j'ai remarqué que les matériaux utilisés semblaient un peu fragiles et pourraient ne pas résister à une utilisation prolongée en extérieur. Facilité d'utilisation : Je n'ai pas trouvé le sac à dos très facile à utiliser, surtout en ce qui concerne les différents compartiments. Coût : Bien que le prix de TrailPak soit raisonnable, je pense qu'il est un peu élevé pour la qualité et les fonctionnal"
TrailPak,"A compact and versatile outdoor backpack designed for hikers, campers, and adventurers. Features include multiple compartments for organization, weather-resistant materials, and adjustable straps for a comfortable fit.",1,2,1,1,2,1,"As an avid hiker and camper, I was excited to try out the TrailPak backpack. However, I was ultimately disappointed with the overall product. The aesthetics were underwhelming and lacked any standout features. The quality of the materials used was subpar and did not hold up well during outdoor use. The backpack was also not user-friendly, with confusing compartments and difficult-to-adjust straps. In terms of cost, I expected more for the price I paid. In the end, I did not feel that the TrailPak offered enough value for its price and would not recommend it to fellow adventurers."
TrailPak,"A compact and versatile outdoor backpack designed for hikers, campers, and adventurers. Features include multiple compartments for organization, weather-resistant materials, and adjustable straps for a comfortable fit.",1,2,2,1,2,1,"Je suis un critique de produits avisé. Je suis en train de donner mon avis sur TrailPak. Sa description indique : un sac à dos compact et polyvalent conçu pour les randonneurs, campeurs et aventuriers. Il comprend plusieurs compartiments pour une organisation optimale, des matériaux résistants aux intempéries et des sangles ajustables pour un confort optimal. Mon évaluation de ce produit est basée sur une échelle de 1 (le plus bas) à 5 (le plus haut). En termes d'esthétique, je n'ai pas été impressionné car le design est assez banal. En ce qui concerne la qualité, j'ai trouvé que les matériaux utilisés étaient plutôt bas de gamme et ne semblaient pas très solides. L'utilisation de ce sac à dos est également assez complexe, avec de nombreuses sangles et compartiments à comprendre. Enfin, le coût de ce produit est assez élevé par rapport à sa valeur réelle. Je ne recommanderais pas ce sac à dos à moins que vous ne soyez prêt à payer pour un produit qui n'est pas très performant."
TrailPak,"A compact and versatile outdoor backpack designed for hikers, campers, and adventurers. Features include multiple compartments for organization, weather-resistant materials, and adjustable straps for a comfortable fit.",1,1,2,2,1,1,"Je suis très déçu par le TrailPak. L'esthétique est médiocre, la qualité et la facilité d'utilisation sont également très décevantes. De plus, le prix est trop élevé pour la qualité du produit. Je ne recommande pas ce sac à dos pour les randonneurs et campeurs. Il n'offre pas un bon rapport qualité-prix."
TrailPak,"A compact and versatile outdoor backpack designed for hikers, campers, and adventurers. Features include multiple compartments for organization, weather-resistant materials, and adjustable straps for a comfortable fit.",1,1,2,2,1,2,"TrailPak est un sac à dos compact et polyvalent conçu pour les randonneurs, les campeurs et les aventuriers. Ses caractéristiques comprennent plusieurs compartiments pour l'organisation, des matériaux résistants aux intempéries et des sangles ajustables pour un ajustement confortable. Malheureusement, je suis déçu par son apparence, sa qualité et sa facilité d'utilisation, ainsi que par son coût élevé par rapport à sa valeur."
